{
	"credit": "End Waz Here",
	"parent": "block/block",
	"textures": {
		"0": "toms_storage:block/terminal_link",
		"particle": "create:block/brass_casing"
	},
	"elements": [
		{
			"from": [4, 2, 6],
			"to": [12, 5, 8],
			"rotation": {"angle": 0, "axis": "x", "origin": [5, 3.5, 7]},
			"faces": {
				"east": {"uv": [14.5, 0, 13, 1], "rotation": 270, "texture": "#0"},
				"south": {"uv": [14.5, 1.5, 13, 5.5], "rotation": 270, "texture": "#0"},
				"west": {"uv": [13, 0, 14.5, 1], "rotation": 90, "texture": "#0"},
				"up": {"uv": [14.5, 5.5, 15.5, 1.5], "rotation": 270, "texture": "#0"},
				"down": {"uv": [14.5, 5.5, 15.5, 1.5], "rotation": 90, "texture": "#0"}
			}
		},
		{
			"from": [4, 5, 6],
			"to": [6, 7, 7],
			"rotation": {"angle": 0, "axis": "y", "origin": [8, 8, 8]},
			"faces": {
				"east": {"uv": [8.5, 0, 7.5, 0.5], "rotation": 270, "texture": "#0"},
				"south": {"uv": [8.5, 0, 7.5, 1], "rotation": 270, "texture": "#0"},
				"west": {"uv": [7.5, 0, 8.5, 0.5], "rotation": 90, "texture": "#0"},
				"up": {"uv": [7.5, 1, 8, 0], "rotation": 270, "texture": "#0"},
				"down": {"uv": [7.5, 1, 8, 0], "rotation": 90, "texture": "#0"}
			}
		},
		{
			"from": [7, 5, 6],
			"to": [9, 7, 7],
			"rotation": {"angle": 0, "axis": "y", "origin": [8, 8, 8]},
			"faces": {
				"east": {"uv": [8.5, 0, 7.5, 0.5], "rotation": 270, "texture": "#0"},
				"south": {"uv": [8.5, 0, 7.5, 1], "rotation": 270, "texture": "#0"},
				"west": {"uv": [7.5, 0, 8.5, 0.5], "rotation": 90, "texture": "#0"},
				"up": {"uv": [7.5, 1, 8, 0], "rotation": 270, "texture": "#0"},
				"down": {"uv": [7.5, 1, 8, 0], "rotation": 90, "texture": "#0"}
			}
		},
		{
			"from": [10, 5, 6],
			"to": [12, 7, 7],
			"rotation": {"angle": 0, "axis": "y", "origin": [8, 8, 8]},
			"faces": {
				"east": {"uv": [8.5, 0, 7.5, 0.5], "rotation": 270, "texture": "#0"},
				"south": {"uv": [8.5, 0, 7.5, 1], "rotation": 270, "texture": "#0"},
				"west": {"uv": [7.5, 0, 8.5, 0.5], "rotation": 90, "texture": "#0"},
				"up": {"uv": [7.5, 1, 8, 0], "rotation": 270, "texture": "#0"},
				"down": {"uv": [7.5, 1, 8, 0], "rotation": 90, "texture": "#0"}
			}
		},
		{
			"from": [1, 1, 1],
			"to": [15, 15, 6],
			"rotation": {"angle": 0, "axis": "y", "origin": [8, 8, 8]},
			"faces": {
				"north": {"uv": [0, 1.5, 7, 8.5], "rotation": 180, "texture": "#0"},
				"east": {"uv": [7.5, 9, 10, 16], "texture": "#0"},
				"south": {"uv": [0, 9, 7, 16], "texture": "#0"},
				"west": {"uv": [7.5, 9, 10, 16], "rotation": 180, "texture": "#0"},
				"up": {"uv": [7.5, 1.5, 10, 8.5], "rotation": 90, "texture": "#0"},
				"down": {"uv": [7.5, 1.5, 10, 8.5], "rotation": 90, "texture": "#0"}
			}
		},
		{
			"from": [3, 7, 6],
			"to": [13, 14, 7],
			"rotation": {"angle": 0, "axis": "y", "origin": [8, 8, 8]},
			"faces": {
				"east": {"uv": [5.5, 9.5, 6, 13], "texture": "#0"},
				"south": {"uv": [1, 9.5, 6, 13], "texture": "#0"},
				"west": {"uv": [1, 9.5, 1.5, 13], "rotation": 180, "texture": "#0"},
				"up": {"uv": [1, 9.5, 6, 10], "rotation": 180, "texture": "#0"},
				"down": {"uv": [1, 12.5, 6, 13], "texture": "#0"}
			}
		},
		{
			"from": [2, 2, -1],
			"to": [14, 14, 1],
			"rotation": {"angle": 0, "axis": "y", "origin": [8, 8, 8]},
			"faces": {
				"north": {"uv": [0.5, 2, 6.5, 8], "rotation": 180, "texture": "#0"},
				"east": {"uv": [0.5, 0, 6.5, 1], "rotation": 270, "texture": "#0"},
				"west": {"uv": [0.5, 0, 6.5, 1], "rotation": 90, "texture": "#0"},
				"up": {"uv": [0.5, 0, 6.5, 1], "rotation": 180, "texture": "#0"},
				"down": {"uv": [0.5, 0, 6.5, 1], "texture": "#0"}
			}
		},
		{
			"from": [0, 0, 0],
			"to": [16, 16, 2],
			"rotation": {"angle": 0, "axis": "y", "origin": [8, 8, 7]},
			"faces": {
				"north": {"uv": [0, 0, 16, 16], "texture": "#particle"},
				"east": {"uv": [0, 0, 2, 16], "texture": "#particle"},
				"south": {"uv": [0, 0, 16, 16], "texture": "#particle"},
				"west": {"uv": [0, 0, 2, 16], "texture": "#particle"},
				"up": {"uv": [0, 0, 16, 2], "texture": "#particle"},
				"down": {"uv": [0, 0, 16, 2], "texture": "#particle"}
			}
		}
	],
	"display": {
		"thirdperson_righthand": {
			"rotation": [75, -45, 0],
			"translation": [0, 2.5, 0],
			"scale": [0.375, 0.375, 0.375]
		},
		"thirdperson_lefthand": {
			"rotation": [75, -45, 0],
			"translation": [0, 2.5, 0],
			"scale": [0.375, 0.375, 0.375]
		},
		"firstperson_righthand": {
			"rotation": [0, -45, 0],
			"scale": [0.4, 0.4, 0.4]
		},
		"firstperson_lefthand": {
			"rotation": [0, -45, 0],
			"scale": [0.4, 0.4, 0.4]
		},
		"ground": {
			"translation": [0, 3, 0],
			"scale": [0.25, 0.25, 0.25]
		},
		"gui": {
			"rotation": [30, 45, 0],
			"translation": [1, -0.5, 0],
			"scale": [0.625, 0.625, 0.625]
		},
		"head": {
			"rotation": [0, 180, 0],
			"translation": [0, 0, -13]
		},
		"fixed": {
			"rotation": [0, 180, 0],
			"translation": [0, 0, -3],
			"scale": [0.5, 0.5, 0.5]
		}
	}
}