{
	"credit": "Made with Blockbench",
	"parent": "minecraft:block/orientable_with_bottom",
	"textures": {
		"1": "computercraft:block/redstone_relay_bottom",
		"2": "computercraft:block/redstone_relay_front",
		"3": "computercraft:block/redstone_relay_side",
		"4": "computercraft:block/redstone_relay_back",
		"5": "computercraft:block/redstone_relay_top",
		"particle": "computercraft:block/redstone_relay_back"
	},
	"elements": [
		{
			"from": [0, 0, 0],
			"to": [16, 16, 16],
			"faces": {
				"north": {"uv": [0, 0, 16, 16], "texture": "#2"},
				"east": {"uv": [0, 0, 16, 16], "texture": "#3"},
				"south": {"uv": [0, 0, 16, 16], "texture": "#4"},
				"west": {"uv": [0, 0, 16, 16], "texture": "#3"},
				"up": {"uv": [0, 0, 16, 16], "texture": "#5"},
				"down": {"uv": [0, 0, 16, 16], "texture": "#1"}
			}
		}
	]
}